timestamp,image_file,linear_x,angular_z
1748940476.968372,1748940476.968372.png,0.1767,-0.0001
1748940477.070422,1748940477.070422.png,0.1767,-0.0001
1748940477.172050,1748940477.172050.png,0.1767,-0.0001
1748940477.268644,1748940477.268644.png,0.1767,-0.0001
1748940477.368053,1748940477.368053.png,0.1767,-0.0001
1748940477.468832,1748940477.468832.png,0.1767,-0.0001
1748940477.568149,1748940477.568149.png,0.1767,-0.0001
1748940477.667976,1748940477.667976.png,0.1767,-0.0001
1748940477.771371,1748940477.771371.png,0.1767,-0.0001
1748940477.867910,1748940477.867910.png,0.1767,-0.0001
1748940477.967676,1748940477.967676.png,0.1767,-0.0001
1748940478.068084,1748940478.068084.png,0.1767,-0.0001
1748940478.171874,1748940478.171874.png,0.1767,-0.0001
1748940478.267799,1748940478.267799.png,0.1767,-0.0001
1748940478.368126,1748940478.368126.png,0.1767,-0.0001
1748940478.469055,1748940478.469055.png,0.1767,-0.0001
1748940478.567928,1748940478.567928.png,0.1767,-0.0001
1748940478.670030,1748940478.670030.png,0.1767,-0.0001
1748940478.768236,1748940478.768236.png,0.1767,-0.0001
1748940478.867788,1748940478.867788.png,0.1767,-0.0001
1748940478.967866,1748940478.967866.png,0.1767,0.0000
1748940479.069583,1748940479.069583.png,0.1767,0.0002
1748940479.171072,1748940479.171072.png,0.1767,0.0003
1748940479.267664,1748940479.267664.png,0.1767,0.0005
1748940479.368326,1748940479.368326.png,0.1767,0.0006
1748940479.468271,1748940479.468271.png,0.1767,0.0007
1748940479.567985,1748940479.567985.png,0.1767,0.0009
1748940479.668104,1748940479.668104.png,0.1767,0.0011
1748940479.767935,1748940479.767935.png,0.1767,0.0014
1748940479.867741,1748940479.867741.png,0.1767,0.0008
1748940479.967708,1748940479.967708.png,0.1767,0.0001
1748940480.070031,1748940480.070031.png,0.1767,-0.0003
1748940480.167941,1748940480.167941.png,0.1767,-0.0012
1748940480.267924,1748940480.267924.png,0.1767,-0.0019
1748940480.367693,1748940480.367693.png,0.1767,-0.0027
1748940480.467870,1748940480.467870.png,0.1767,-0.0033
1748940480.567918,1748940480.567918.png,0.1767,-0.0042
1748940480.668754,1748940480.668754.png,0.1767,-0.0052
1748940480.767707,1748940480.767707.png,0.1767,-0.0059
1748940480.871306,1748940480.871306.png,0.1767,-0.0012
1748940480.970854,1748940480.970854.png,0.1767,0.0032
1748940481.069108,1748940481.069108.png,0.1767,0.0005
1748940481.173262,1748940481.173262.png,0.1767,-0.0025
1748940481.269088,1748940481.269088.png,0.1767,-0.0008
1748940481.368209,1748940481.368209.png,0.1767,0.0014
1748940481.467679,1748940481.467679.png,0.1767,0.0006
1748940481.568513,1748940481.568513.png,0.1767,-0.0005
1748940481.667806,1748940481.667806.png,0.1767,-0.0002
1748940481.767935,1748940481.767935.png,0.1767,0.0004
1748940481.885145,1748940481.885145.png,0.1767,0.0002
1748940481.968116,1748940481.968116.png,0.1767,-0.0000
1748940482.067814,1748940482.067814.png,0.1767,-0.0001
1748940482.168124,1748940482.168124.png,0.1767,0.0000
1748940482.268004,1748940482.268004.png,0.1767,0.0001
1748940482.368389,1748940482.368389.png,0.1767,0.0001
1748940482.471462,1748940482.471462.png,0.1767,0.0000
1748940482.567993,1748940482.567993.png,0.1767,0.0000
1748940482.667944,1748940482.667944.png,0.1767,0.0000
1748940482.770894,1748940482.770894.png,0.1767,0.0000
1748940482.868044,1748940482.868044.png,0.1767,0.0000
1748940482.967818,1748940482.967818.png,0.1767,0.0000
1748940483.069002,1748940483.069002.png,0.1767,0.0000
1748940483.168061,1748940483.168061.png,0.1767,0.0000
1748940483.267594,1748940483.267594.png,0.1767,0.0000
1748940483.368219,1748940483.368219.png,0.1767,0.0000
1748940483.468041,1748940483.468041.png,0.1767,0.0000
1748940483.567576,1748940483.567576.png,0.1767,0.0000
1748940483.667836,1748940483.667836.png,0.1767,0.0000
1748940483.768003,1748940483.768003.png,0.1767,0.0000
1748940483.867891,1748940483.867891.png,0.1767,0.0000
1748940483.967712,1748940483.967712.png,0.1767,0.0000
1748940484.067942,1748940484.067942.png,0.1767,0.0000
1748940484.167926,1748940484.167926.png,0.1767,0.0000
1748940484.268972,1748940484.268972.png,0.1767,0.0000
1748940484.368139,1748940484.368139.png,0.1767,0.0000
1748940484.468293,1748940484.468293.png,0.1767,0.0000
1748940484.567848,1748940484.567848.png,0.1767,0.0000
1748940484.668003,1748940484.668003.png,0.1767,0.0000
1748940484.768044,1748940484.768044.png,0.1767,0.0000
1748940484.867641,1748940484.867641.png,0.1767,-0.0000
1748940484.968082,1748940484.968082.png,0.1767,-0.0000
1748940485.067985,1748940485.067985.png,0.1767,-0.0000
1748940485.168470,1748940485.168470.png,0.1767,0.0000
1748940485.268132,1748940485.268132.png,0.1767,0.0000
1748940485.368836,1748940485.368836.png,0.1767,-0.0000
1748940485.468127,1748940485.468127.png,0.1767,-0.0000
1748940485.569368,1748940485.569368.png,0.1767,-0.0000
1748940485.667826,1748940485.667826.png,0.1767,-0.0000
1748940485.768153,1748940485.768153.png,0.1767,-0.0000
1748940485.867799,1748940485.867799.png,0.1767,-0.0000
1748940485.968337,1748940485.968337.png,0.1767,-0.0000
1748940486.068216,1748940486.068216.png,0.1767,-0.0000
1748940486.179650,1748940486.179650.png,0.1767,-0.0000
1748940486.267980,1748940486.267980.png,0.1767,-0.0000
1748940486.367933,1748940486.367933.png,0.1767,-0.0000
1748940486.468272,1748940486.468272.png,0.1767,-0.0000
1748940486.567683,1748940486.567683.png,0.1767,-0.0000
1748940486.668127,1748940486.668127.png,0.1767,-0.0000
1748940486.767962,1748940486.767962.png,0.1767,-0.0000
1748940486.868519,1748940486.868519.png,0.1767,-0.0000
1748940486.968104,1748940486.968104.png,0.1767,-0.0000
1748940487.068023,1748940487.068023.png,0.1767,-0.0000
1748940487.169799,1748940487.169799.png,0.1767,-0.0000
1748940487.270242,1748940487.270242.png,0.1767,-0.0000
1748940487.371036,1748940487.371036.png,0.1767,-0.0000
1748940487.467925,1748940487.467925.png,0.1767,-0.0000
1748940487.570143,1748940487.570143.png,0.1767,-0.0000
1748940487.669313,1748940487.669313.png,0.1767,-0.0000
1748940487.767686,1748940487.767686.png,0.1767,-0.0000
1748940487.868753,1748940487.868753.png,0.1767,-0.0000
1748940487.970686,1748940487.970686.png,0.1767,-0.0000
1748940488.067708,1748940488.067708.png,0.1767,-0.0000
1748940488.169252,1748940488.169252.png,0.1767,-0.0000
1748940488.268098,1748940488.268098.png,0.1767,-0.0000
1748940488.368179,1748940488.368179.png,0.1767,-0.0000
1748940488.468052,1748940488.468052.png,0.1767,-0.0000
1748940488.567944,1748940488.567944.png,0.1767,-0.0000
1748940488.668244,1748940488.668244.png,0.1767,-0.0000
1748940488.768314,1748940488.768314.png,0.1767,-0.0000
1748940488.868035,1748940488.868035.png,0.1767,-0.0000
1748940488.969057,1748940488.969057.png,0.1767,-0.0000
1748940489.067767,1748940489.067767.png,0.1767,0.0000
1748940489.167693,1748940489.167693.png,0.1767,-0.0000
1748940489.268225,1748940489.268225.png,0.1767,-0.0000
1748940489.367681,1748940489.367681.png,0.1767,-0.0000
1748940489.467760,1748940489.467760.png,0.1767,-0.0000
1748940489.568019,1748940489.568019.png,0.1767,-0.0000
1748940489.668243,1748940489.668243.png,0.1767,-0.0000
1748940489.768033,1748940489.768033.png,0.1767,-0.0000
1748940489.867871,1748940489.867871.png,0.1767,-0.0000
1748940489.968140,1748940489.968140.png,0.1767,-0.0000
1748940490.067709,1748940490.067709.png,0.1767,-0.0000
1748940490.168125,1748940490.168125.png,0.1767,-0.0000
1748940490.267843,1748940490.267843.png,0.1767,0.0000
1748940490.368147,1748940490.368147.png,0.1767,-0.0000
1748940490.467704,1748940490.467704.png,0.1767,-0.0000
1748940490.567773,1748940490.567773.png,0.1767,-0.0000
1748940490.667803,1748940490.667803.png,0.1767,-0.0000
1748940490.768196,1748940490.768196.png,0.1767,-0.0000
1748940490.867738,1748940490.867738.png,0.1767,0.0000
1748940490.968209,1748940490.968209.png,0.1767,0.0000
1748940491.069597,1748940491.069597.png,0.1767,-0.0000
1748940491.167985,1748940491.167985.png,0.1767,-0.0000
1748940491.271223,1748940491.271223.png,0.1767,-0.0000
1748940491.368241,1748940491.368241.png,0.1767,-0.0000
1748940491.468074,1748940491.468074.png,0.1767,0.0000
1748940491.570293,1748940491.570293.png,0.1767,0.0000
1748940491.667804,1748940491.667804.png,0.1767,-0.0000
1748940491.768187,1748940491.768187.png,0.1767,-0.0000
1748940491.868034,1748940491.868034.png,0.1767,-0.0000
1748940491.974610,1748940491.974610.png,0.1767,-0.0000
1748940492.068307,1748940492.068307.png,0.1767,0.0000
1748940492.167731,1748940492.167731.png,0.1767,0.0000
1748940492.268741,1748940492.268741.png,0.1767,-0.0000
1748940492.369051,1748940492.369051.png,0.1767,-0.0000
1748940492.469134,1748940492.469134.png,0.1767,-0.0000
1748940492.568776,1748940492.568776.png,0.1767,0.0000
1748940492.667815,1748940492.667815.png,0.1767,0.0000
1748940492.771047,1748940492.771047.png,0.1767,0.0000
1748940492.867994,1748940492.867994.png,0.1767,-0.0000
1748940492.968133,1748940492.968133.png,0.1767,-0.0000
1748940493.068146,1748940493.068146.png,0.1767,-0.0000
1748940493.168495,1748940493.168495.png,0.1767,-0.0000
1748940493.268089,1748940493.268089.png,0.1767,0.0000
1748940493.367949,1748940493.367949.png,0.1767,0.0000
1748940493.468062,1748940493.468062.png,0.1767,-0.0000
1748940493.568079,1748940493.568079.png,0.1767,-0.0000
1748940493.668052,1748940493.668052.png,0.1767,-0.0000
1748940493.768065,1748940493.768065.png,0.1767,-0.0000
1748940493.868035,1748940493.868035.png,0.1767,0.0000
1748940493.968122,1748940493.968122.png,0.1767,0.0000
1748940494.067892,1748940494.067892.png,0.1767,-0.0000
1748940494.167824,1748940494.167824.png,0.1767,-0.0000
1748940494.267983,1748940494.267983.png,0.1767,-0.0002
1748940494.368248,1748940494.368248.png,0.1767,-0.0016
1748940494.468073,1748940494.468073.png,0.1767,-0.0221
1748940494.568675,1748940494.568675.png,0.1767,-0.0539
1748940494.669347,1748940494.669347.png,0.1767,-0.1006
1748940494.771144,1748940494.771144.png,0.1767,-0.1233
1748940494.870178,1748940494.870178.png,0.1767,-0.1297
1748940494.968084,1748940494.968084.png,0.1767,-0.1324
1748940495.068290,1748940495.068290.png,0.1767,-0.1600
1748940495.167984,1748940495.167984.png,0.1767,-0.1845
1748940495.268476,1748940495.268476.png,0.1767,-0.1972
1748940495.368032,1748940495.368032.png,0.1767,-0.2018
1748940495.468915,1748940495.468915.png,0.1767,-0.2101
1748940495.567775,1748940495.567775.png,0.1767,-0.2197
1748940495.668283,1748940495.668283.png,0.1767,-0.2402
1748940495.768409,1748940495.768409.png,0.1767,-0.2468
1748940495.867674,1748940495.867674.png,0.1767,-0.2029
1748940495.967859,1748940495.967859.png,0.1767,-0.1703
1748940496.067566,1748940496.067566.png,0.1767,-0.1620
1748940496.167879,1748940496.167879.png,0.1767,-0.1614
1748940496.267771,1748940496.267771.png,0.1767,-0.1557
1748940496.371137,1748940496.371137.png,0.1767,-0.1356
1748940496.468112,1748940496.468112.png,0.1767,-0.1119
1748940496.567899,1748940496.567899.png,0.1767,-0.1029
1748940496.667990,1748940496.667990.png,0.1767,-0.1055
1748940496.767979,1748940496.767979.png,0.1767,-0.0988
1748940496.871034,1748940496.871034.png,0.1767,-0.0834
1748940496.968035,1748940496.968035.png,0.1767,-0.0688
1748940497.067563,1748940497.067563.png,0.1767,-0.0648
1748940497.167719,1748940497.167719.png,0.1767,-0.0638
1748940497.271950,1748940497.271950.png,0.1767,-0.0586
1748940497.367857,1748940497.367857.png,0.1767,-0.0531
1748940497.468099,1748940497.468099.png,0.1767,-0.0476
1748940497.568084,1748940497.568084.png,0.1767,-0.0424
1748940497.667612,1748940497.667612.png,0.1767,-0.0406
1748940497.773751,1748940497.773751.png,0.1767,-0.0397
1748940497.868013,1748940497.868013.png,0.1767,-0.0366
1748940497.968232,1748940497.968232.png,0.1767,-0.0319
1748940498.069111,1748940498.069111.png,0.1767,-0.0288
1748940498.171199,1748940498.171199.png,0.1767,-0.0283
1748940498.268094,1748940498.268094.png,0.1767,-0.0260
1748940498.368694,1748940498.368694.png,0.1767,-0.0226
1748940498.468519,1748940498.468519.png,0.1767,-0.0206
1748940498.568027,1748940498.568027.png,0.1767,-0.0196
1748940498.669012,1748940498.669012.png,0.1767,-0.0187
1748940498.769931,1748940498.769931.png,0.1767,-0.0168
1748940498.868544,1748940498.868544.png,0.1767,-0.0149
1748940498.968001,1748940498.968001.png,0.1767,-0.0136
1748940499.068079,1748940499.068079.png,0.1767,-0.0127
1748940499.168087,1748940499.168087.png,0.1767,-0.0121
1748940499.267842,1748940499.267842.png,0.1767,-0.0109
1748940499.367675,1748940499.367675.png,0.1767,-0.0098
1748940499.468000,1748940499.468000.png,0.1767,-0.0090
1748940499.576313,1748940499.576313.png,0.1767,-0.0086
1748940499.668148,1748940499.668148.png,0.1767,-0.0079
1748940499.768095,1748940499.768095.png,0.1767,-0.0071
1748940499.867795,1748940499.867795.png,0.1767,-0.0067
1748940499.968264,1748940499.968264.png,0.1767,-0.0062
1748940500.068000,1748940500.068000.png,0.1767,-0.0055
1748940500.167861,1748940500.167861.png,0.1767,-0.0051
1748940500.267904,1748940500.267904.png,0.1767,-0.0049
1748940500.368179,1748940500.368179.png,0.1767,-0.0044
1748940500.468125,1748940500.468125.png,0.1767,-0.0040
1748940500.570841,1748940500.570841.png,0.1767,-0.0037
1748940500.668318,1748940500.668318.png,0.1767,-0.0035
1748940500.768883,1748940500.768883.png,0.1767,-0.0032
1748940500.868104,1748940500.868104.png,0.1767,-0.0029
1748940500.971156,1748940500.971156.png,0.1767,-0.0027
1748940501.067684,1748940501.067684.png,0.1767,-0.0025
1748940501.175832,1748940501.175832.png,0.1767,-0.0023
1748940501.267814,1748940501.267814.png,0.1767,-0.0021
1748940501.368989,1748940501.368989.png,0.1767,-0.0019
1748940501.467883,1748940501.467883.png,0.1767,-0.0018
1748940501.568425,1748940501.568425.png,0.1767,-0.0016
1748940501.670191,1748940501.670191.png,0.1767,-0.0014
1748940501.768780,1748940501.768780.png,0.1767,-0.0011
1748940501.867749,1748940501.867749.png,0.1767,0.0020
1748940501.970964,1748940501.970964.png,0.1767,0.0301
1748940502.067775,1748940502.067775.png,0.1767,0.0685
1748940502.168156,1748940502.168156.png,0.1767,0.0977
1748940502.267777,1748940502.267777.png,0.1767,0.1222
1748940502.369145,1748940502.369145.png,0.1767,0.1412
1748940502.467803,1748940502.467803.png,0.1767,0.1408
1748940502.569526,1748940502.569526.png,0.1767,0.1470
1748940502.667941,1748940502.667941.png,0.1767,0.1485
1748940502.768087,1748940502.768087.png,0.1767,0.1106
1748940502.868477,1748940502.868477.png,0.1767,0.0808
1748940502.967707,1748940502.967707.png,0.1767,0.0871
1748940503.067989,1748940503.067989.png,0.1767,0.1058
1748940503.167654,1748940503.167654.png,0.1767,0.0982
1748940503.268206,1748940503.268206.png,0.1767,0.0704
1748940503.373243,1748940503.373243.png,0.1767,0.0614
1748940503.467774,1748940503.467774.png,0.1767,0.0658
1748940503.567963,1748940503.567963.png,0.1767,0.0681
1748940503.667984,1748940503.667984.png,0.1767,0.0602
1748940503.767734,1748940503.767734.png,0.1767,0.0474
1748940503.867748,1748940503.867748.png,0.1767,0.0415
1748940503.969329,1748940503.969329.png,0.1767,0.0426
1748940504.068005,1748940504.068005.png,0.1767,0.0421
1748940504.169526,1748940504.169526.png,0.1767,0.0367
1748940504.267563,1748940504.267563.png,0.1767,0.0308
1748940504.369359,1748940504.369359.png,0.1767,0.0292
1748940504.467950,1748940504.467950.png,0.1767,0.0289
1748940504.567920,1748940504.567920.png,0.1767,0.0275
1748940504.667804,1748940504.667804.png,0.1767,0.0236
1748940504.768094,1748940504.768094.png,0.1767,0.0206
1748940504.867893,1748940504.867893.png,0.1767,0.0200
1748940504.968084,1748940504.968084.png,0.1767,0.0195
1748940505.067743,1748940505.067743.png,0.1767,0.0179
1748940505.167941,1748940505.167941.png,0.1767,0.0157
1748940505.267884,1748940505.267884.png,0.1767,0.0136
1748940505.367874,1748940505.367874.png,0.1767,0.0127
1748940505.468056,1748940505.468056.png,0.1767,0.0131
1748940505.568273,1748940505.568273.png,0.1767,0.0115
1748940505.668688,1748940505.668688.png,0.1767,0.0102
1748940505.767827,1748940505.767827.png,0.1767,0.0095
1748940505.868051,1748940505.868051.png,0.1767,0.0091
1748940505.972250,1748940505.972250.png,0.1767,0.0085
1748940506.067844,1748940506.067844.png,0.1767,0.0077
1748940506.167844,1748940506.167844.png,0.1767,0.0067
1748940506.267955,1748940506.267955.png,0.1767,0.0062
1748940506.368062,1748940506.368062.png,0.1767,0.0189
1748940506.470467,1748940506.470467.png,0.1767,0.0489
1748940506.570241,1748940506.570241.png,0.1767,0.0951
1748940506.668099,1748940506.668099.png,0.1767,0.1232
1748940506.768064,1748940506.768064.png,0.1767,0.1262
1748940506.867682,1748940506.867682.png,0.1767,0.1227
1748940506.968592,1748940506.968592.png,0.1767,0.1570
1748940507.067868,1748940507.067868.png,0.1767,0.1860
1748940507.167755,1748940507.167755.png,0.1767,0.1984
1748940507.275013,1748940507.275013.png,0.1767,0.1981
1748940507.367911,1748940507.367911.png,0.1767,0.2100
1748940507.467987,1748940507.467987.png,0.1767,0.2205
1748940507.568022,1748940507.568022.png,0.1767,0.2165
1748940507.667912,1748940507.667912.png,0.1767,0.1963
1748940507.770042,1748940507.770042.png,0.1767,0.1691
1748940507.867804,1748940507.867804.png,0.1767,0.1407
1748940507.967949,1748940507.967949.png,0.1767,0.1330
1748940508.067739,1748940508.067739.png,0.1767,0.1423
1748940508.168054,1748940508.168054.png,0.1767,0.1388
1748940508.267810,1748940508.267810.png,0.1767,0.1056
1748940508.369386,1748940508.369386.png,0.1767,0.0914
1748940508.467913,1748940508.467913.png,0.1767,0.0931
1748940508.567734,1748940508.567734.png,0.1767,0.0932
1748940508.667780,1748940508.667780.png,0.1767,0.0812
1748940508.768257,1748940508.768257.png,0.1767,0.0672
1748940508.868738,1748940508.868738.png,0.1767,0.0619
1748940508.967780,1748940508.967780.png,0.1767,0.0597
1748940509.068149,1748940509.068149.png,0.1767,0.0560
1748940509.167867,1748940509.167867.png,0.1767,0.0509
1748940509.268250,1748940509.268250.png,0.1767,0.0473
1748940509.368586,1748940509.368586.png,0.1767,0.0442
1748940509.467582,1748940509.467582.png,0.1767,0.0409
1748940509.568079,1748940509.568079.png,0.1767,0.0366
1748940509.668032,1748940509.668032.png,0.1767,0.0345
1748940509.768139,1748940509.768139.png,0.1767,0.0315
1748940509.868743,1748940509.868743.png,0.1767,0.0287
1748940509.967870,1748940509.967870.png,0.1767,0.0270
1748940510.068133,1748940510.068133.png,0.1767,0.0256
1748940510.167605,1748940510.167605.png,0.1767,0.0230
1748940510.267762,1748940510.267762.png,0.1767,0.0207
1748940510.369971,1748940510.369971.png,0.1767,0.0196
1748940510.467775,1748940510.467775.png,0.1767,0.0181
1748940510.569134,1748940510.569134.png,0.1767,0.0168
1748940510.668035,1748940510.668035.png,0.1767,0.0151
1748940510.769122,1748940510.769122.png,0.1767,0.0134
1748940510.868036,1748940510.868036.png,0.1767,0.0120
1748940510.975182,1748940510.975182.png,0.1767,0.0117
1748940511.068175,1748940511.068175.png,0.1767,0.0117
1748940511.168748,1748940511.168748.png,0.1767,0.0103
1748940511.267969,1748940511.267969.png,0.1767,0.0090
1748940511.370241,1748940511.370241.png,0.1767,0.0087
1748940511.468756,1748940511.468756.png,0.1767,0.0086
1748940511.569014,1748940511.569014.png,0.1767,0.0189
1748940511.668028,1748940511.668028.png,0.1767,0.0451
1748940511.768628,1748940511.768628.png,0.1767,0.0961
1748940511.867784,1748940511.867784.png,0.1767,0.1238
1748940511.968038,1748940511.968038.png,0.1767,0.1266
1748940512.067973,1748940512.067973.png,0.1767,0.1224
1748940512.167816,1748940512.167816.png,0.1767,0.1192
1748940512.267959,1748940512.267959.png,0.1767,0.1038
1748940512.368225,1748940512.368225.png,0.1767,0.0823
1748940512.468093,1748940512.468093.png,0.1767,0.0767
1748940512.568776,1748940512.568776.png,0.1767,0.0827
1748940512.668263,1748940512.668263.png,0.1767,0.0786
1748940512.772026,1748940512.772026.png,0.1767,0.0616
1748940512.871138,1748940512.871138.png,0.1767,0.0538
1748940512.968177,1748940512.968177.png,0.1767,0.0557
1748940513.072622,1748940513.072622.png,0.1767,0.0576
1748940513.167882,1748940513.167882.png,0.1767,0.0506
1748940513.273068,1748940513.273068.png,0.1767,0.0397
1748940513.369515,1748940513.369515.png,0.1767,0.0365
1748940513.468250,1748940513.468250.png,0.1767,0.0366
1748940513.569077,1748940513.569077.png,0.1767,0.0350
1748940513.668315,1748940513.668315.png,0.1767,0.0312
1748940513.767843,1748940513.767843.png,0.1767,0.0274
1748940513.868273,1748940513.868273.png,0.1767,0.0256
1748940513.967965,1748940513.967965.png,0.1767,0.0244
1748940514.068141,1748940514.068141.png,0.1767,0.0227
1748940514.169027,1748940514.169027.png,0.1767,0.0204
1748940514.270034,1748940514.270034.png,0.1767,0.0182
1748940514.368036,1748940514.368036.png,0.1767,-0.0012
1748940514.467780,1748940514.467780.png,0.1767,-0.0378
1748940514.568048,1748940514.568048.png,0.1767,-0.1004
1748940514.667705,1748940514.667705.png,0.1767,-0.1204
1748940514.767847,1748940514.767847.png,0.1767,-0.1043
1748940514.867981,1748940514.867981.png,0.1767,-0.1166
1748940514.971187,1748940514.971187.png,0.1767,-0.1603
1748940515.067688,1748940515.067688.png,0.1767,-0.1808
1748940515.171145,1748940515.171145.png,0.1767,-0.1564
1748940515.267958,1748940515.267958.png,0.1767,-0.1329
1748940515.371460,1748940515.371460.png,0.1767,-0.1106
1748940515.467996,1748940515.467996.png,0.1767,-0.1028
1748940515.568970,1748940515.568970.png,0.1767,-0.0987
1748940515.667512,1748940515.667512.png,0.1767,-0.1037
1748940515.769609,1748940515.769609.png,0.1767,-0.0913
1748940515.868063,1748940515.868063.png,0.1767,-0.0776
1748940515.968072,1748940515.968072.png,0.1767,-0.0670
1748940516.068048,1748940516.068048.png,0.1767,-0.0660
1748940516.167965,1748940516.167965.png,0.1767,-0.0658
1748940516.268050,1748940516.268050.png,0.1767,-0.0593
1748940516.372228,1748940516.372228.png,0.1767,-0.0485
1748940516.469028,1748940516.469028.png,0.1767,-0.0452
1748940516.568259,1748940516.568259.png,0.1767,-0.0456
1748940516.667783,1748940516.667783.png,0.1767,-0.0426
1748940516.768127,1748940516.768127.png,0.1767,-0.0357
1748940516.867801,1748940516.867801.png,0.1767,-0.0320
1748940516.967897,1748940516.967897.png,0.1767,-0.0311
1748940517.068179,1748940517.068179.png,0.1767,-0.0226
1748940517.168280,1748940517.168280.png,0.1767,-0.0039
1748940517.268037,1748940517.268037.png,0.1767,0.0491
1748940517.371222,1748940517.371222.png,0.1767,0.0870
1748940517.467888,1748940517.467888.png,0.1767,0.1035
1748940517.571341,1748940517.571341.png,0.1767,0.1078
1748940517.667803,1748940517.667803.png,0.1767,0.1021
1748940517.767938,1748940517.767938.png,0.1767,0.0900
1748940517.867800,1748940517.867800.png,0.1767,0.0785
1748940517.967831,1748940517.967831.png,0.1767,0.0618
1748940518.068626,1748940518.068626.png,0.1767,0.0578
1748940518.168211,1748940518.168211.png,0.1767,0.0680
1748940518.267916,1748940518.267916.png,0.1767,0.0708
1748940518.368101,1748940518.368101.png,0.1767,0.0463
1748940518.468079,1748940518.468079.png,0.1767,0.0353
1748940518.567741,1748940518.567741.png,0.1767,0.0425
1748940518.668236,1748940518.668236.png,0.1767,0.0495
1748940518.768130,1748940518.768130.png,0.1767,0.0414
1748940518.869175,1748940518.869175.png,0.1767,0.0304
1748940518.967875,1748940518.967875.png,0.1767,0.0282
1748940519.068056,1748940519.068056.png,0.1767,0.0303
1748940519.168043,1748940519.168043.png,0.1767,0.0266
1748940519.271333,1748940519.271333.png,0.1767,0.0088
1748940519.369059,1748940519.369059.png,0.1767,-0.0428
1748940519.468513,1748940519.468513.png,0.1767,-0.0867
1748940519.568343,1748940519.568343.png,0.1767,-0.0965
1748940519.667755,1748940519.667755.png,0.1767,-0.0973
1748940519.767734,1748940519.767734.png,0.1767,-0.1062
1748940519.869436,1748940519.869436.png,0.1767,-0.1039
1748940519.973352,1748940519.973352.png,0.1767,-0.0777
1748940520.067950,1748940520.067950.png,0.1767,-0.0588
1748940520.168220,1748940520.168220.png,0.1767,-0.0617
1748940520.268008,1748940520.268008.png,0.1767,-0.0706
1748940520.367835,1748940520.367835.png,0.1767,-0.0667
1748940520.468133,1748940520.468133.png,0.1767,-0.0500
1748940520.567970,1748940520.567970.png,0.1767,-0.0431
1748940520.672301,1748940520.672301.png,0.1767,-0.0451
1748940520.767995,1748940520.767995.png,0.1767,-0.0466
1748940520.868030,1748940520.868030.png,0.1767,-0.0416
1748940520.967907,1748940520.967907.png,0.1767,-0.0333
1748940521.068780,1748940521.068780.png,0.1767,-0.0297
1748940521.168030,1748940521.168030.png,0.1767,-0.0298
1748940521.268043,1748940521.268043.png,0.1767,-0.0285
1748940521.368249,1748940521.368249.png,0.1767,-0.0259
1748940521.471248,1748940521.471248.png,0.1767,-0.0228
1748940521.568048,1748940521.568048.png,0.1767,-0.0206
1748940521.667912,1748940521.667912.png,0.1767,-0.0195
1748940521.768090,1748940521.768090.png,0.1767,-0.0185
1748940521.868682,1748940521.868682.png,0.1767,-0.0170
1748940521.969898,1748940521.969898.png,0.1767,-0.0149
1748940522.068169,1748940522.068169.png,0.1767,-0.0130
1748940522.168258,1748940522.168258.png,0.1767,-0.0126
1748940522.267975,1748940522.267975.png,0.1767,-0.0126
1748940522.368292,1748940522.368292.png,0.1767,-0.0110
1748940522.467973,1748940522.467973.png,0.1767,-0.0096
1748940522.567708,1748940522.567708.png,0.1767,-0.0091
1748940522.668034,1748940522.668034.png,0.1767,-0.0089
1748940522.771289,1748940522.771289.png,0.1767,-0.0081
1748940522.871252,1748940522.871252.png,0.1767,-0.0073
1748940522.967897,1748940522.967897.png,0.1767,-0.0066
1748940523.067963,1748940523.067963.png,0.1767,-0.0061
1748940523.168375,1748940523.168375.png,0.1767,-0.0057
1748940523.267849,1748940523.267849.png,0.1767,-0.0051
1748940523.369148,1748940523.369148.png,0.1767,-0.0048
1748940523.467925,1748940523.467925.png,0.1767,-0.0044
1748940523.568072,1748940523.568072.png,0.1767,-0.0040
1748940523.668070,1748940523.668070.png,0.1767,-0.0038
1748940523.768041,1748940523.768041.png,0.1767,-0.0035
1748940523.868286,1748940523.868286.png,0.1767,-0.0031
1748940523.969706,1748940523.969706.png,0.1767,-0.0028
1748940524.068361,1748940524.068361.png,0.1767,-0.0028
1748940524.168541,1748940524.168541.png,0.1767,-0.0026
1748940524.268676,1748940524.268676.png,0.1767,-0.0022
1748940524.367978,1748940524.367978.png,0.1767,-0.0020
1748940524.474348,1748940524.474348.png,0.1767,-0.0018
1748940524.568086,1748940524.568086.png,0.1767,-0.0018
1748940524.668515,1748940524.668515.png,0.1767,-0.0017
1748940524.768023,1748940524.768023.png,0.1767,-0.0015
1748940524.867836,1748940524.867836.png,0.1767,-0.0014
1748940524.968421,1748940524.968421.png,0.1767,-0.0013
1748940525.067837,1748940525.067837.png,0.1767,-0.0012
1748940525.168208,1748940525.168208.png,0.1767,-0.0011
1748940525.267656,1748940525.267656.png,0.1767,-0.0010
1748940525.368058,1748940525.368058.png,0.1767,-0.0009
1748940525.467955,1748940525.467955.png,0.1767,-0.0009
1748940525.568034,1748940525.568034.png,0.1767,-0.0008
1748940525.668001,1748940525.668001.png,0.1767,-0.0007
1748940525.768037,1748940525.768037.png,0.1767,-0.0007
1748940525.868027,1748940525.868027.png,0.1767,-0.0006
1748940525.969999,1748940525.969999.png,0.1767,-0.0006
1748940526.068328,1748940526.068328.png,0.1767,-0.0005
1748940526.168412,1748940526.168412.png,0.1767,-0.0005
1748940526.270198,1748940526.270198.png,0.1767,-0.0004
1748940526.367737,1748940526.367737.png,0.1767,-0.0004
1748940526.468249,1748940526.468249.png,0.1767,-0.0004
1748940526.568797,1748940526.568797.png,0.1767,-0.0003
1748940526.667977,1748940526.667977.png,0.1767,-0.0003
1748940526.771338,1748940526.771338.png,0.1767,-0.0003
1748940526.868788,1748940526.868788.png,0.1767,-0.0003
1748940526.967607,1748940526.967607.png,0.1767,-0.0002
1748940527.067931,1748940527.067931.png,0.1767,-0.0002
1748940527.167903,1748940527.167903.png,0.1767,-0.0002
1748940527.268076,1748940527.268076.png,0.1767,-0.0002
1748940527.368002,1748940527.368002.png,0.1767,-0.0002
1748940527.468379,1748940527.468379.png,0.1767,-0.0002
1748940527.568065,1748940527.568065.png,0.1767,-0.0001
1748940527.669010,1748940527.669010.png,0.1767,-0.0001
1748940527.768049,1748940527.768049.png,0.1767,-0.0001
1748940527.870211,1748940527.870211.png,0.1767,-0.0001
1748940527.969515,1748940527.969515.png,0.1767,-0.0001
1748940528.068157,1748940528.068157.png,0.1767,-0.0001
1748940528.168030,1748940528.168030.png,0.1767,-0.0001
1748940528.268170,1748940528.268170.png,0.1767,-0.0001
1748940528.368032,1748940528.368032.png,0.1767,-0.0001
1748940528.469129,1748940528.469129.png,0.1767,-0.0001
1748940528.568226,1748940528.568226.png,0.1767,-0.0001
1748940528.667711,1748940528.667711.png,0.1767,-0.0001
1748940528.769414,1748940528.769414.png,0.1767,-0.0000
1748940528.872635,1748940528.872635.png,0.1767,-0.0000
1748940528.968313,1748940528.968313.png,0.1767,-0.0000
1748940529.068531,1748940529.068531.png,0.1767,-0.0000
1748940529.168453,1748940529.168453.png,0.1767,-0.0000
1748940529.268044,1748940529.268044.png,0.1767,-0.0000
1748940529.373175,1748940529.373175.png,0.1767,-0.0000
1748940529.467629,1748940529.467629.png,0.1767,-0.0000
1748940529.569365,1748940529.569365.png,0.1767,-0.0000
1748940529.667906,1748940529.667906.png,0.1767,-0.0000
1748940529.767804,1748940529.767804.png,0.1767,-0.0000
1748940529.867923,1748940529.867923.png,0.1767,-0.0000
1748940529.968360,1748940529.968360.png,0.1767,-0.0000
1748940530.067708,1748940530.067708.png,0.1767,-0.0000
1748940530.167717,1748940530.167717.png,0.1767,-0.0000
1748940530.268440,1748940530.268440.png,0.1767,-0.0000
1748940530.368007,1748940530.368007.png,0.1767,-0.0000
1748940530.470472,1748940530.470472.png,0.1767,-0.0000
1748940530.567906,1748940530.567906.png,0.1767,0.0000
1748940530.670236,1748940530.670236.png,0.1767,0.0002
1748940530.768106,1748940530.768106.png,0.1767,0.0007
1748940530.868082,1748940530.868082.png,0.1767,0.0011
1748940530.969914,1748940530.969914.png,0.1767,0.0004
1748940531.068452,1748940531.068452.png,0.1767,-0.0003
1748940531.173845,1748940531.173845.png,0.1767,-0.0003
1748940531.268355,1748940531.268355.png,0.1767,0.0002
1748940531.368371,1748940531.368371.png,0.1767,0.0001
1748940531.468121,1748940531.468121.png,0.1767,-0.0000
1748940531.569831,1748940531.569831.png,0.1767,-0.0001
1748940531.668432,1748940531.668432.png,0.0000,0.0000
1748940531.768046,1748940531.768046.png,0.0000,0.0000
1748940531.868042,1748940531.868042.png,0.0000,0.0000
1748940531.967727,1748940531.967727.png,0.0000,0.0000
1748940532.068270,1748940532.068270.png,0.0000,0.0000
1748940532.167642,1748940532.167642.png,0.0000,0.0000
1748940532.272235,1748940532.272235.png,0.0000,0.0000
1748940532.367966,1748940532.367966.png,0.0000,0.0000
1748940532.471534,1748940532.471534.png,0.0000,0.0000
1748940532.567776,1748940532.567776.png,0.0000,0.0000
1748940532.668103,1748940532.668103.png,0.0000,0.0000
1748940532.768203,1748940532.768203.png,0.0000,0.0000
1748940532.868325,1748940532.868325.png,0.0000,0.0000
1748940532.968142,1748940532.968142.png,0.0000,0.0000
1748940533.071028,1748940533.071028.png,0.0000,0.0000
1748940533.168114,1748940533.168114.png,0.0000,0.0000
1748940533.268332,1748940533.268332.png,0.0000,0.0000
1748940533.367991,1748940533.367991.png,0.0000,0.0000
1748940533.467763,1748940533.467763.png,0.0000,0.0000
1748940533.568949,1748940533.568949.png,0.0000,0.0000
1748940533.667726,1748940533.667726.png,0.0000,0.0000
1748940533.767824,1748940533.767824.png,0.0000,0.0000
1748940533.867556,1748940533.867556.png,0.0000,0.0000
1748940533.967582,1748940533.967582.png,0.0000,0.0000
1748940534.068054,1748940534.068054.png,0.0000,0.0000
1748940534.168363,1748940534.168363.png,0.0000,0.0000
1748940534.267870,1748940534.267870.png,0.0000,0.0000
1748940534.367856,1748940534.367856.png,0.0000,0.0000
